miRNA,importance
hsa-miR-548t-5p,0.08292644594255516
ebv-miR-BART10-3p,0.05328961016461018
hsa-miR-5701,0.048870971568339985
hsa-miR-142-5p,0.04748620901661949
hsa-miR-92a-3p,0.04218794166162587
hsa-miR-151a-5p/hsa-miR-151b,0.04213787413787415
hsa-miR-320a,0.041639671639671645
hsa-miR-107,0.04150713775713776
hsa-miR-18b-5p,0.04037107188906725
hsa-miR-324-3p,0.038752175396912246
